id,first_name,last_name,email,country,age
1,Cam,Lee,clee0@ovh.net,Russia,51
2,Minna,Gumm,mgumm1@google.com.br,Brazil,43
3,Edgar,Poppleton,epoppleton2@netvibes.com,Philippines,36
4,Sondra,McLeman,smcleman3@imdb.com,China,71
5,Blakelee,Tynan,btynan4@hhs.gov,China,72
6,Maridel,Farnes,mfarnes5@upenn.edu,Sweden,34
7,Miltie,Schwier,mschwier6@ehow.com,Poland,40
8,Michel,Abercrombie,mabercrombie7@sakura.ne.jp,Brazil,74
9,Moria,Horry,mhorry8@baidu.com,Bulgaria,71
10,Salome,Whistlecraft,swhistlecraft9@e-recht24.de,Germany,40
11,Blake,Sands,bsandsa@java.com,Peru,58
12,Constantin,Fley,cfleyb@arizona.edu,Sweden,47
13,Gearard,McKeachie,gmckeachiec@csmonitor.com,South Korea,51
14,Loree,Malley,lmalleyd@symantec.com,China,18
15,Kirstyn,Swanborrow,kswanborrowe@slashdot.org,Zimbabwe,36
16,Delia,Ragate,dragatef@slashdot.org,Indonesia,21
17,Cad,Sket,csketg@telegraph.co.uk,Iran,62
18,Rancell,Gillions,rgillionsh@example.com,Poland,16
19,Ruttger,Gann,rganni@washingtonpost.com,Tanzania,53
20,Lauren,Burge,lburgej@cloudflare.com,Colombia,64
21,Roxie,Craine,rcrainek@icio.us,Indonesia,53
22,Charlie,Saffell,csaffelll@sogou.com,China,23
23,Dorette,Darben,ddarbenm@youtu.be,Japan,43
24,Perrine,Idney,pidneyn@edublogs.org,Argentina,47
25,Bessie,Bonafant,bbonafanto@gmpg.org,Australia,59
26,Papagena,Lillicrop,plillicropp@ox.ac.uk,Brazil,21
27,Lawrence,Fitzsimmons,lfitzsimmonsq@psu.edu,China,64
28,Ellene,Goodyear,egoodyearr@bbc.co.uk,Morocco,19
29,Cori,Treher,ctrehers@goodreads.com,Brazil,23
30,Kial,Saket,ksakett@zimbio.com,Nigeria,70
31,Livy,Maypes,lmaypesu@lycos.com,Mongolia,22
32,Diane-marie,Boatswain,dboatswainv@themeforest.net,Peru,49
33,Johnna,Luparto,jlupartow@ibm.com,Czech Republic,42
34,Henderson,Mattiato,hmattiatox@paginegialle.it,Myanmar,20
35,Domenic,Duncombe,dduncombey@msu.edu,Chile,18
36,Ester,Muscroft,emuscroftz@imdb.com,Poland,35
37,Emanuele,Seakin,eseakin10@ted.com,Indonesia,33
38,Moritz,Mowsdill,mmowsdill11@technorati.com,China,56
39,Jerry,MacGaughie,jmacgaughie12@123-reg.co.uk,China,16
40,Hilde,Grunbaum,hgrunbaum13@infoseek.co.jp,Marshall Islands,66
41,Sapphira,Lyddiatt,slyddiatt14@slideshare.net,Philippines,15
42,Electra,Groarty,egroarty15@about.me,United Kingdom,34
43,Maure,Wewell,mwewell16@paginegialle.it,Philippines,37
44,Cristiano,Clissett,cclissett17@bbc.co.uk,Vietnam,19
45,Mandy,Pittford,mpittford18@linkedin.com,Bulgaria,63
46,Christina,Lidell,clidell19@jimdo.com,China,58
47,Chrisse,Crotty,ccrotty1a@amazon.co.uk,Ukraine,68
48,Michael,Wernher,mwernher1b@hugedomains.com,Philippines,36
49,Pearl,Colmore,pcolmore1c@nsw.gov.au,France,71
50,Beltran,Dufaur,bdufaur1d@sciencedirect.com,China,42
51,Caryn,Balstone,cbalstone1e@wisc.edu,Philippines,42
52,Reynard,Iannetti,riannetti1f@ovh.net,Canada,35
53,Modestia,Suttling,msuttling1g@spiegel.de,Nepal,22
54,Zollie,Portugal,zportugal1h@mlb.com,Mexico,67
55,Gamaliel,Moline,gmoline1i@blog.com,Portugal,25
56,Sallie,Bannell,sbannell1j@mapy.cz,China,64
57,Rriocard,Tenaunt,rtenaunt1k@hc360.com,Slovenia,35
58,Theresa,Greasley,tgreasley1l@comsenz.com,Venezuela,26
59,Dallon,Fishe,dfishe1m@ox.ac.uk,Portugal,52
60,Maryann,McMickan,mmcmickan1n@tinyurl.com,Japan,34
61,Kent,Maxwale,kmaxwale1o@lycos.com,Cameroon,29
62,Jackson,Carratt,jcarratt1p@xrea.com,Russia,38
63,Danya,Pawden,dpawden1q@ed.gov,Vietnam,16
64,Pietra,Dominique,pdominique1r@uiuc.edu,China,62
65,Herb,Roskelley,hroskelley1s@blinklist.com,Indonesia,16
66,Keefer,Ipsley,kipsley1t@omniture.com,Ivory Coast,36
67,Eudora,Squelch,esquelch1u@scientificamerican.com,China,73
68,Ade,Asche,aasche1v@macromedia.com,New Zealand,49
69,Lars,Challicum,lchallicum1w@indiegogo.com,Russia,16
70,Devlin,Slafford,dslafford1x@ask.com,Azerbaijan,42
71,Eddie,Davidof,edavidof1y@wikipedia.org,Norway,21
72,Craig,Wardesworth,cwardesworth1z@wufoo.com,Denmark,23
73,Lazarus,Dougary,ldougary20@businesswire.com,China,44
74,Kalli,Rigney,krigney21@yolasite.com,Colombia,41
75,Larissa,Grewe,lgrewe22@wikipedia.org,China,42
76,Allyn,Emmerson,aemmerson23@about.com,China,23
77,Garfield,Ardron,gardron24@printfriendly.com,Philippines,16
78,Evin,Zuker,ezuker25@istockphoto.com,Russia,60
79,Bobbi,Dominy,bdominy26@prnewswire.com,Sierra Leone,69
80,Roldan,Farthin,rfarthin27@ucsd.edu,China,72
81,Archibaldo,Clausewitz,aclausewitz28@nydailynews.com,Ukraine,72
82,Marga,Fridlington,mfridlington29@senate.gov,Poland,61
83,Theo,Elfitt,telfitt2a@yellowpages.com,Greece,40
84,Jonah,Torrecilla,jtorrecilla2b@zdnet.com,China,56
85,Hannie,Jolly,hjolly2c@nationalgeographic.com,Mauritius,25
86,Joscelin,McDonell,jmcdonell2d@mtv.com,Ukraine,18
87,Georgie,Goulbourn,ggoulbourn2e@google.fr,Greece,19
88,Erika,Garrals,egarrals2f@tiny.cc,Philippines,58
89,Katharina,Winser,kwinser2g@multiply.com,Republic of the Congo,18
90,Shanta,Chinery,schinery2h@fastcompany.com,Russia,50
91,Hayward,Lambrick,hlambrick2i@webeden.co.uk,Japan,35
92,Kora,Zealander,kzealander2j@hp.com,Philippines,69
93,Lazar,Baversor,lbaversor2k@dedecms.com,Philippines,42
94,Eugenia,Cosley,ecosley2l@opensource.org,Poland,41
95,Candida,Colegate,ccolegate2m@topsy.com,China,26
96,Clement,Dugdale,cdugdale2n@hugedomains.com,Indonesia,24
97,Kevon,Brattan,kbrattan2o@netlog.com,Indonesia,29
98,Eachelle,Illem,eillem2p@surveymonkey.com,Brazil,21
99,Adelice,Dax,adax2q@tuttocitta.it,China,46
100,Willey,Fawthorpe,wfawthorpe2r@pcworld.com,Indonesia,46
101,Jeane,McKain,jmckain2s@surveymonkey.com,Paraguay,33
102,Kori,Cleef,kcleef2t@reuters.com,France,37
103,Ban,Morcom,bmorcom2u@instagram.com,Costa Rica,15
104,Elijah,Farrans,efarrans2v@unc.edu,Malawi,51
105,Juliet,Hiley,jhiley2w@washington.edu,Indonesia,72
106,Odele,Page,opage2x@dagondesign.com,Mexico,52
107,Bethany,Stocken,bstocken2y@imageshack.us,Indonesia,66
108,Jennette,Vazquez,jvazquez2z@goodreads.com,Portugal,60
109,Lexis,Larive,llarive30@booking.com,Ukraine,45
110,Corbin,Hymans,chymans31@google.nl,Turkmenistan,67
111,Cully,Bradneck,cbradneck32@discuz.net,Portugal,62
112,Tawnya,Lucken,tlucken33@wikispaces.com,South Korea,65
113,Gretel,Gorgler,ggorgler34@is.gd,China,32
114,Neddy,Gymlett,ngymlett35@nyu.edu,China,51
115,Amalia,Garbar,agarbar36@house.gov,Ukraine,73
116,Constancy,Gluyus,cgluyus37@feedburner.com,China,39
117,Ricki,Dury,rdury38@newsvine.com,Philippines,46
118,Becka,Remnant,bremnant39@loc.gov,Colombia,58
119,Darbie,Sokell,dsokell3a@archive.org,Canada,33
120,Antons,Hehir,ahehir3b@dailymail.co.uk,China,51
121,Karena,Easman,keasman3c@vinaora.com,Luxembourg,37
122,Archambault,Paulon,apaulon3d@amazon.co.uk,Ethiopia,38
123,Olivette,Trass,otrass3e@blogs.com,Philippines,36
124,Beaufort,Flipek,bflipek3f@sun.com,Venezuela,19
125,Fabio,Theodoris,ftheodoris3g@indiatimes.com,Japan,54
126,Richmound,Castellet,rcastellet3h@multiply.com,Philippines,26
127,Scotti,Candy,scandy3i@wikispaces.com,China,71
128,Evin,MacAleese,emacaleese3j@ustream.tv,Japan,49
129,Dick,Brisley,dbrisley3k@oakley.com,Poland,50
130,Hoyt,Audiss,haudiss3l@newsvine.com,China,38
131,Tabb,Stansfield,tstansfield3m@buzzfeed.com,Colombia,60
132,Bastian,Manuely,bmanuely3n@yelp.com,Indonesia,75
133,Kendre,Braunthal,kbraunthal3o@acquirethisname.com,Russia,62
134,Charla,Tixier,ctixier3p@google.com.au,Poland,68
135,Xylia,Imlen,ximlen3q@imgur.com,United States,38
136,Sherilyn,Inger,singer3r@wunderground.com,Russia,43
137,Valeda,Mahony,vmahony3s@digg.com,Russia,46
138,Jorie,Gantzman,jgantzman3t@psu.edu,South Africa,60
139,Kermy,Osler,kosler3u@oaic.gov.au,Indonesia,26
140,Harriott,Finkle,hfinkle3v@com.com,China,41
141,Clim,Ansill,cansill3w@jugem.jp,Russia,25
142,Camila,Nolte,cnolte3x@java.com,China,62
143,Anissa,Stitle,astitle3y@csmonitor.com,Nicaragua,50
144,Kirsteni,Mathissen,kmathissen3z@wordpress.com,Mauritius,55
145,Shelba,Gasson,sgasson40@umich.edu,Costa Rica,25
146,Alfred,Loud,aloud41@who.int,Ukraine,73
147,Gaelan,Lauritzen,glauritzen42@newyorker.com,China,27
148,Averil,Haggeth,ahaggeth43@sciencedirect.com,Indonesia,70
149,Fina,Chatel,fchatel44@yahoo.co.jp,Greece,24
150,Riki,Hedney,rhedney45@123-reg.co.uk,China,66
151,Yasmin,Linnock,ylinnock46@independent.co.uk,Sweden,29
152,Leonid,Link,llink47@japanpost.jp,China,66
153,Scottie,Memmory,smemmory48@oaic.gov.au,Pakistan,67
154,Casey,Janecki,cjanecki49@clickbank.net,Indonesia,21
155,Yevette,Daintrey,ydaintrey4a@amazonaws.com,Albania,51
156,Hagen,Guitton,hguitton4b@devhub.com,Portugal,56
157,Evaleen,Furmage,efurmage4c@ycombinator.com,Poland,64
158,Rosemonde,Mendel,rmendel4d@tinyurl.com,Thailand,35
159,Archibald,Nitto,anitto4e@google.com.au,Portugal,40
160,Maura,Flatte,mflatte4f@google.co.jp,Indonesia,17
161,Leonie,Lewsey,llewsey4g@php.net,China,33
162,Thomasin,Hanscombe,thanscombe4h@miibeian.gov.cn,Philippines,34
163,Noland,Cadogan,ncadogan4i@hhs.gov,China,51
164,Shelley,Scraney,sscraney4j@gmpg.org,Ukraine,41
165,Thedric,Fortnam,tfortnam4k@trellian.com,Chile,24
166,Bran,Wallworth,bwallworth4l@soundcloud.com,China,21
167,Shellysheldon,Antognetti,santognetti4m@4shared.com,Poland,44
168,Even,Liddon,eliddon4n@over-blog.com,Philippines,22
169,Alvy,Ruxton,aruxton4o@bbb.org,Indonesia,59
170,Chelsy,Bellam,cbellam4p@addtoany.com,Chile,69
171,Gwen,Blazic,gblazic4q@hp.com,China,64
172,Viviana,Fentem,vfentem4r@mediafire.com,Maldives,37
173,Sinclair,Bryde,sbryde4s@tamu.edu,Syria,17
174,Caleb,Barrowcliffe,cbarrowcliffe4t@harvard.edu,China,40
175,Rustie,Helleckas,rhelleckas4u@theglobeandmail.com,Indonesia,15
176,Bunni,Beller,bbeller4v@hao123.com,Chile,21
177,Wileen,Igo,wigo4w@163.com,Macedonia,23
178,Torry,Gamon,tgamon4x@gov.uk,Sri Lanka,54
179,Joelie,Hotchkin,jhotchkin4y@dmoz.org,Peru,57
180,Bailie,Colvill,bcolvill4z@shutterfly.com,China,70
181,Sholom,McCusker,smccusker50@dagondesign.com,Peru,39
182,Rolph,Mewes,rmewes51@mapy.cz,Indonesia,45
183,Kelly,Schmuhl,kschmuhl52@time.com,Montenegro,70
184,Bevon,Atyeo,batyeo53@goo.gl,China,59
185,Heidie,Snassell,hsnassell54@webnode.com,Cuba,66
186,Guillaume,Beaton,gbeaton55@dyndns.org,China,74
187,Lesly,Worlock,lworlock56@answers.com,Colombia,48
188,Brook,Benwell,bbenwell57@tmall.com,Vietnam,52
189,Ambrosio,Sammon,asammon58@yale.edu,Sweden,59
190,Josias,MacAvddy,jmacavddy59@printfriendly.com,Russia,19
191,Rik,Dahlen,rdahlen5a@cafepress.com,Poland,32
192,Sibella,Plowes,splowes5b@latimes.com,Indonesia,47
193,Consuela,Constanza,cconstanza5c@instagram.com,Nigeria,19
194,Yehudit,Ambrogelli,yambrogelli5d@nps.gov,United States,46
195,Lauraine,Wanless,lwanless5e@elegantthemes.com,Indonesia,45
196,Leeann,Guiduzzi,lguiduzzi5f@amazon.co.uk,Jersey,50
197,Idaline,Dobbinson,idobbinson5g@zdnet.com,Albania,51
198,Cornall,Alenov,calenov5h@hibu.com,Argentina,61
199,Kaiser,Monro,kmonro5i@zdnet.com,Philippines,37
200,Josy,Keenor,jkeenor5j@pcworld.com,Oman,55
201,Aundrea,Kondratowicz,akondratowicz5k@thetimes.co.uk,Russia,63
202,Nana,Mullis,nmullis5l@rambler.ru,United States,74
203,Kelsy,Klagges,kklagges5m@reference.com,China,64
204,Mallory,Curreen,mcurreen5n@chicagotribune.com,Indonesia,28
205,Jud,Fielding,jfielding5o@webeden.co.uk,Laos,72
206,Mariele,Sambles,msambles5p@quantcast.com,Kazakhstan,67
207,Tallia,McNair,tmcnair5q@senate.gov,Indonesia,74
208,Kris,Binny,kbinny5r@xing.com,China,21
209,Bastian,Hardin,bhardin5s@washingtonpost.com,Indonesia,25
210,Helen-elizabeth,Mueller,hmueller5t@homestead.com,Peru,55
211,Brigitte,McQuilty,bmcquilty5u@edublogs.org,Venezuela,70
212,Derrik,Capey,dcapey5v@time.com,China,59
213,Saleem,Ahrendsen,sahrendsen5w@redcross.org,Myanmar,59
214,Giavani,McCaughran,gmccaughran5x@pbs.org,Philippines,16
215,Adriena,Olivi,aolivi5y@ebay.com,Poland,73
216,Lena,Stille,lstille5z@linkedin.com,Peru,49
217,Zollie,Tofano,ztofano60@yahoo.co.jp,Poland,30
218,Allissa,Searle,asearle61@mtv.com,Portugal,43
219,Waldo,Bucknall,wbucknall62@tumblr.com,Philippines,17
220,Samson,Smewin,ssmewin63@unc.edu,Thailand,37
221,Kermie,Charlson,kcharlson64@discuz.net,Russia,54
222,Malia,Josskoviz,mjosskoviz65@answers.com,Russia,28
223,Libbi,Pellatt,lpellatt66@guardian.co.uk,Russia,24
224,Peggi,Swepson,pswepson67@omniture.com,Qatar,35
225,Finlay,Caddens,fcaddens68@geocities.jp,China,33
226,Elladine,Klemenz,eklemenz69@baidu.com,Czech Republic,46
227,Shepherd,Burndred,sburndred6a@msu.edu,Philippines,46
228,Fallon,Bedells,fbedells6b@g.co,Pakistan,54
229,Max,Hannay,mhannay6c@tumblr.com,China,29
230,Bartlet,Strangeway,bstrangeway6d@uiuc.edu,Russia,58
231,Raviv,Pulfer,rpulfer6e@craigslist.org,Honduras,61
232,Kirsti,Dumbreck,kdumbreck6f@tumblr.com,Palestinian Territory,17
233,Merilyn,Stentiford,mstentiford6g@people.com.cn,Sweden,49
234,Blondie,Wardhough,bwardhough6h@discuz.net,Egypt,46
235,Sabine,Robecon,srobecon6i@delicious.com,Indonesia,30
236,Karna,Stute,kstute6j@lulu.com,China,27
237,Bryon,Matejovsky,bmatejovsky6k@wisc.edu,Portugal,68
238,Sallee,Dorsey,sdorsey6l@linkedin.com,Central African Republic,57
239,Barthel,Dolle,bdolle6m@mediafire.com,China,47
240,Carce,Keling,ckeling6n@reuters.com,United States,15
241,Reeta,Skipp,rskipp6o@marketwatch.com,Indonesia,22
242,Janna,Bridgman,jbridgman6p@liveinternet.ru,United States,66
243,Kari,Carus,kcarus6q@admin.ch,Honduras,16
244,Perry,Blanko,pblanko6r@netlog.com,Philippines,71
245,Jillane,Bartleet,jbartleet6s@epa.gov,Brazil,23
246,Aylmar,Ridgers,aridgers6t@yahoo.co.jp,Poland,72
247,Brooke,Dumbreck,bdumbreck6u@microsoft.com,Indonesia,31
248,Coralyn,Ucchino,cucchino6v@zimbio.com,Angola,70
249,Tyson,Kimmince,tkimmince6w@comcast.net,Indonesia,50
250,Alejandra,Kerrane,akerrane6x@bravesites.com,Equatorial Guinea,68
251,Erin,Gregg,egregg6y@nationalgeographic.com,Czech Republic,71
252,Lavena,Loughman,lloughman6z@bing.com,Czech Republic,34
253,Rooney,Justice,rjustice70@omniture.com,China,19
254,Giulio,Tabart,gtabart71@vinaora.com,Sweden,21
255,Prentice,Dady,pdady72@jimdo.com,China,68
256,Reeta,Kepp,rkepp73@dagondesign.com,Indonesia,52
257,Liana,Prandin,lprandin74@icio.us,Nauru,29
258,Priscilla,Sturmey,psturmey75@hhs.gov,Russia,59
259,Colby,Cratchley,ccratchley76@epa.gov,China,66
260,Dorella,Royse,droyse77@woothemes.com,Colombia,56
261,Maison,Dafydd,mdafydd78@weather.com,United States,61
262,Carma,Showler,cshowler79@hibu.com,Bolivia,75
263,Nadeen,Vallintine,nvallintine7a@cornell.edu,Slovenia,60
264,Ailene,Kamen,akamen7b@house.gov,Mexico,48
265,Chris,Tomik,ctomik7c@usnews.com,Indonesia,25
266,Lorna,De Ortega,ldeortega7d@rambler.ru,China,38
267,Clarke,Gwilliams,cgwilliams7e@unesco.org,Czech Republic,70
268,Burch,Bowers,bbowers7f@cyberchimps.com,Sweden,62
269,Dalston,Dorrins,ddorrins7g@i2i.jp,Benin,72
270,Russ,McGowan,rmcgowan7h@google.cn,China,40
271,Sarge,Luckman,sluckman7i@plala.or.jp,Mongolia,32
272,Elmore,Glastonbury,eglastonbury7j@hubpages.com,China,20
273,Hermy,Fairweather,hfairweather7k@businessweek.com,Argentina,64
274,Yolanda,Poure,ypoure7l@yandex.ru,Philippines,64
275,Georgeanne,Madill,gmadill7m@reddit.com,Indonesia,69
276,Cassaundra,Errey,cerrey7n@merriam-webster.com,Indonesia,16
277,Candis,Cowern,ccowern7o@typepad.com,Brazil,37
278,Faydra,Calleja,fcalleja7p@wisc.edu,Iraq,50
279,Tomasine,Coraini,tcoraini7q@tripod.com,Indonesia,22
280,Nydia,Pieracci,npieracci7r@ucoz.ru,Lithuania,16
281,Ulick,Duguid,uduguid7s@go.com,Norway,59
282,Lenee,Mickleburgh,lmickleburgh7t@psu.edu,Uzbekistan,61
283,Erskine,Hollingsby,ehollingsby7u@baidu.com,Liberia,30
284,Teresina,Radden,tradden7v@springer.com,China,43
285,Isabelita,Bartoloma,ibartoloma7w@time.com,Iran,31
286,Kylynn,Womersley,kwomersley7x@stanford.edu,Kazakhstan,22
287,Sheffie,Trengrouse,strengrouse7y@gmpg.org,Indonesia,30
288,Bryce,Cutress,bcutress7z@a8.net,China,52
289,Leisha,Sherington,lsherington80@usatoday.com,Finland,25
290,Palm,Auchinleck,pauchinleck81@mtv.com,Colombia,20
291,Orion,Dunthorn,odunthorn82@huffingtonpost.com,Poland,65
292,Jennee,Biesinger,jbiesinger83@senate.gov,Indonesia,19
293,Sanson,Radki,sradki84@loc.gov,Sweden,42
294,Eran,Trappe,etrappe85@weebly.com,China,22
295,Rickie,Millican,rmillican86@ca.gov,China,16
296,Josefina,Woollhead,jwoollhead87@irs.gov,Sweden,59
297,Ebony,Boshard,eboshard88@ed.gov,Russia,68
298,Krissie,Mattedi,kmattedi89@biglobe.ne.jp,Indonesia,29
299,Kelsi,Yurukhin,kyurukhin8a@godaddy.com,China,26
300,Stu,Pauer,spauer8b@sbwire.com,China,32
301,Erena,Ridger,eridger8c@is.gd,Philippines,53
302,Wendall,Merioth,wmerioth8d@e-recht24.de,Brazil,27
303,Donnajean,De Laspee,ddelaspee8e@blogger.com,Argentina,47
304,Beverley,Grishelyov,bgrishelyov8f@w3.org,Argentina,75
305,Maison,Gellett,mgellett8g@ted.com,China,35
306,Read,Darlasson,rdarlasson8h@netscape.com,Comoros,35
307,Daron,Mews,dmews8i@mlb.com,Egypt,48
308,Korella,Kelloway,kkelloway8j@google.nl,Philippines,22
309,Germaine,MacDermand,gmacdermand8k@theatlantic.com,Cameroon,22
310,Phil,Cicero,pcicero8l@php.net,China,37
311,Muire,Corry,mcorry8m@java.com,Portugal,28
312,Ashley,Doughty,adoughty8n@studiopress.com,Argentina,16
313,Reinald,Blogg,rblogg8o@arizona.edu,Finland,58
314,Cliff,Cockayne,ccockayne8p@istockphoto.com,Chile,65
315,Michale,Stickens,mstickens8q@nhs.uk,China,39
316,Staffard,Thomann,sthomann8r@theguardian.com,Georgia,33
317,Alta,Pinder,apinder8s@prweb.com,Indonesia,46
318,Doroteya,McCathay,dmccathay8t@hugedomains.com,Argentina,56
319,Row,Collomosse,rcollomosse8u@paypal.com,China,18
320,Greer,Lago,glago8v@mediafire.com,China,65
321,Perren,MacNeillie,pmacneillie8w@geocities.jp,Nigeria,60
322,Stanislaw,Overstall,soverstall8x@engadget.com,Indonesia,24
323,Ingrim,Adamoli,iadamoli8y@weather.com,Argentina,32
324,Michelina,Mcwhinney,mmcwhinney8z@creativecommons.org,China,65
325,Isa,Swinburn,iswinburn90@chronoengine.com,France,18
326,Bridget,Stanesby,bstanesby91@baidu.com,China,21
327,Michaella,Serjent,mserjent92@blinklist.com,Czech Republic,60
328,Teresita,Hews,thews93@sina.com.cn,Thailand,52
329,Valera,Asey,vasey94@imageshack.us,China,23
330,Goldy,Fear,gfear95@bbb.org,Bangladesh,31
331,Franklyn,Stiggers,fstiggers96@imageshack.us,Saudi Arabia,48
332,Kane,Shailer,kshailer97@bloglovin.com,Finland,55
333,Rachael,Carrivick,rcarrivick98@hc360.com,Guatemala,50
334,Jessie,Dawkins,jdawkins99@apple.com,Ukraine,15
335,Carree,Pigny,cpigny9a@tinypic.com,United States,64
336,Guendolen,Abbott,gabbott9b@hhs.gov,Philippines,29
337,Meridel,Whitwell,mwhitwell9c@networkadvertising.org,Brazil,46
338,Dun,Celli,dcelli9d@topsy.com,United States,42
339,Colette,McRill,cmcrill9e@hubpages.com,Indonesia,74
340,Belia,Cheney,bcheney9f@cpanel.net,China,47
341,Jeni,Clotworthy,jclotworthy9g@scientificamerican.com,Indonesia,63
342,Gisella,Francom,gfrancom9h@vkontakte.ru,Portugal,66
343,Tilda,Di Franceshci,tdifranceshci9i@goo.gl,Cameroon,18
344,Hilde,Cuvley,hcuvley9j@ustream.tv,China,25
345,Louie,Deble,ldeble9k@oracle.com,Sri Lanka,74
346,Pascale,Mitkcov,pmitkcov9l@hud.gov,China,61
347,Ross,Trump,rtrump9m@mozilla.org,China,22
348,Nil,Reid,nreid9n@hugedomains.com,Brazil,47
349,Silvester,Hatje,shatje9o@topsy.com,Portugal,52
350,Lindy,Udie,ludie9p@spotify.com,China,52
351,Caryl,Treanor,ctreanor9q@vkontakte.ru,China,44
352,Aloisia,Ebbetts,aebbetts9r@1688.com,Kenya,23
353,Yardley,Side,yside9s@w3.org,Peru,62
354,Nickey,Turvey,nturvey9t@vistaprint.com,China,63
355,Lilias,Trudgian,ltrudgian9u@example.com,Portugal,42
356,Joel,Williamson,jwilliamson9v@rakuten.co.jp,Portugal,66
357,Glad,Crose,gcrose9w@walmart.com,Russia,72
358,Suzanna,Espadater,sespadater9x@webnode.com,Tajikistan,40
359,Beret,Roll,broll9y@theatlantic.com,Indonesia,70
360,Sayers,Lowde,slowde9z@tripod.com,Sweden,25
361,Betta,Sarton,bsartona0@hatena.ne.jp,Australia,74
362,Maddy,Bycraft,mbycrafta1@miitbeian.gov.cn,France,66
363,Blake,Dearl,bdearla2@imgur.com,India,40
364,Jayme,Josey,jjoseya3@un.org,Nepal,62
365,Ransom,Dael,rdaela4@ehow.com,Poland,34
366,Inna,Kilminster,ikilminstera5@dyndns.org,China,61
367,Raychel,Oulet,rouleta6@google.es,Philippines,16
368,Lilas,Gircke,lgirckea7@discovery.com,Afghanistan,54
369,Issy,Berthe,iberthea8@boston.com,China,56
370,Paolina,Nials,pnialsa9@vimeo.com,Poland,59
371,Ichabod,Bloodworth,ibloodworthaa@salon.com,Sweden,50
372,Devy,Hanniger,dhannigerab@ask.com,Cambodia,40
373,Yule,Hellier,yhellierac@jiathis.com,Brazil,48
374,Millicent,Aldous,maldousad@sohu.com,Ivory Coast,66
375,Loralee,Laible,llaibleae@patch.com,France,29
376,Krystalle,Mackerness,kmackernessaf@msn.com,Venezuela,57
377,Huntington,Stapley,hstapleyag@arizona.edu,Iran,52
378,Celene,Collopy,ccollopyah@usnews.com,France,44
379,Hedy,Frizell,hfrizellai@loc.gov,Poland,41
380,Bunny,Camilleri,bcamilleriaj@bizjournals.com,Norway,64
381,Sinclare,Ash,sashak@apple.com,United States,51
382,Albina,Goucher,agoucheral@zdnet.com,Chile,20
383,Reggie,Layman,rlaymanam@clickbank.net,China,45
384,Gillan,Batchelour,gbatchelouran@google.ca,Philippines,75
385,Faye,Bachanski,fbachanskiao@vistaprint.com,Thailand,50
386,Wolfgang,Ballendine,wballendineap@google.es,Peru,58
387,Rochella,Riolfo,rriolfoaq@myspace.com,Greece,63
388,Nobe,Waiting,nwaitingar@twitpic.com,Chile,39
389,Clim,Dublin,cdublinas@hatena.ne.jp,Poland,25
390,Berkley,Scantlebury,bscantleburyat@telegraph.co.uk,Mexico,21
391,Lefty,Santello,lsantelloau@hp.com,Peru,15
392,Chery,Grafham,cgrafhamav@yelp.com,Chile,63
393,Cherilynn,Byway,cbywayaw@elegantthemes.com,Japan,43
394,Tommie,Bunhill,tbunhillax@bbb.org,Brazil,36
395,Deva,Ballinghall,dballinghallay@dailymotion.com,Palestinian Territory,73
396,Evangelia,O'Doireidh,eodoireidhaz@usnews.com,Afghanistan,49
397,Milli,Vuitton,mvuittonb0@boston.com,China,38
398,Tori,Maddrah,tmaddrahb1@instagram.com,China,66
399,Miller,Swafford,mswaffordb2@examiner.com,Germany,54
400,Elsa,Ruppert,eruppertb3@simplemachines.org,Finland,68
401,Calvin,Goggin,cgogginb4@boston.com,United States,34
402,Coretta,Shawley,cshawleyb5@ezinearticles.com,Armenia,32
403,Winona,Nichols,wnicholsb6@time.com,Poland,49
404,Zelig,Reap,zreapb7@nbcnews.com,Indonesia,68
405,Cly,Vicioso,cviciosob8@geocities.com,Senegal,62
406,Chrissie,Mulcaster,cmulcasterb9@baidu.com,Honduras,52
407,Gustavus,Rigmand,grigmandba@google.co.jp,Argentina,65
408,Tandy,Ciccarelli,tciccarellibb@thetimes.co.uk,China,36
409,Linus,Redan,lredanbc@imdb.com,Netherlands,49
410,Jeana,Fountian,jfountianbd@rambler.ru,Portugal,51
411,Bord,Wilflinger,bwilflingerbe@friendfeed.com,Brazil,27
412,Elliott,Mewe,emewebf@amazon.com,South Africa,53
413,Kathy,Tompkiss,ktompkissbg@comcast.net,China,50
414,Bent,McAlinion,bmcalinionbh@jugem.jp,Latvia,49
415,Dori,Bartolomieu,dbartolomieubi@mit.edu,Solomon Islands,38
416,Ashil,Tapley,atapleybj@gravatar.com,Portugal,39
417,Fletch,Royston,froystonbk@cornell.edu,United States,59
418,Theresina,Leavold,tleavoldbl@mac.com,Indonesia,71
419,Shay,Atyea,satyeabm@springer.com,Canada,37
420,Yul,McNamee,ymcnameebn@example.com,France,35
421,Jessica,Ramelot,jramelotbo@mit.edu,Brazil,56
422,Phedra,Aguirrezabala,paguirrezabalabp@issuu.com,Palestinian Territory,38
423,Hattie,Witherup,hwitherupbq@fastcompany.com,China,51
424,Zed,Townson,ztownsonbr@pinterest.com,China,41
425,Sully,Housam,shousambs@free.fr,Indonesia,59
426,Lee,Banghe,lbanghebt@buzzfeed.com,Poland,21
427,Clementine,Preshous,cpreshousbu@indiegogo.com,Russia,36
428,Clarice,Yedall,cyedallbv@prlog.org,Sierra Leone,61
429,Christin,Oughton,coughtonbw@over-blog.com,Indonesia,58
430,Loise,Brockington,lbrockingtonbx@dropbox.com,Indonesia,21
431,Gonzalo,Lghan,glghanby@mail.ru,Pakistan,36
432,Tori,Rushton,trushtonbz@bandcamp.com,China,23
433,Melisent,Sumbler,msumblerc0@indiatimes.com,China,27
434,Omar,Poynser,opoynserc1@xrea.com,China,53
435,Vinni,Chiechio,vchiechioc2@sogou.com,Egypt,27
436,Wilt,Rostron,wrostronc3@merriam-webster.com,Japan,57
437,Miquela,Pitkeathly,mpitkeathlyc4@trellian.com,Indonesia,54
438,Brod,Crann,bcrannc5@hc360.com,Colombia,29
439,Jewel,Hightown,jhightownc6@homestead.com,Thailand,39
440,Johannes,Goretti,jgorettic7@ucoz.ru,United States,38
441,Chrisse,Cail,ccailc8@un.org,Mayotte,56
442,Averyl,Martinson,amartinsonc9@pagesperso-orange.fr,South Africa,54
443,Rabbi,Schubart,rschubartca@yahoo.com,Netherlands,73
444,Raina,Pennetta,rpennettacb@telegraph.co.uk,Ukraine,39
445,Gloria,Houdhury,ghoudhurycc@mac.com,China,60
446,Barclay,Spehr,bspehrcd@parallels.com,Indonesia,73
447,Vittoria,Blackborn,vblackbornce@flickr.com,Sweden,51
448,Virge,Eggleson,vegglesoncf@unc.edu,Bosnia and Herzegovina,45
449,Tybi,Edeler,tedelercg@gnu.org,Afghanistan,19
450,Odele,Eilhart,oeilhartch@google.cn,Costa Rica,19
451,Sallie,McCraw,smccrawci@icq.com,Moldova,30
452,Hollyanne,Pesticcio,hpesticciocj@dagondesign.com,Indonesia,66
453,Uta,Dulinty,udulintyck@amazon.co.uk,China,37
454,Levin,Monson,lmonsoncl@gov.uk,Russia,24
455,Bridie,Pepall,bpepallcm@rambler.ru,Czech Republic,18
456,Dee,Cadwaladr,dcadwaladrcn@flickr.com,Portugal,47
457,Doretta,Bushnell,dbushnellco@geocities.com,Panama,61
458,Edmund,Menco,emencocp@odnoklassniki.ru,China,17
459,Ettie,Waber,ewabercq@google.de,China,70
460,Pauly,Tomes,ptomescr@surveymonkey.com,Philippines,48
461,Samuele,McCory,smccorycs@jalbum.net,Argentina,61
462,Myron,Baccas,mbaccasct@quantcast.com,China,17
463,Killy,Fuzzard,kfuzzardcu@go.com,Uzbekistan,39
464,Cosmo,Barnaclough,cbarnacloughcv@ovh.net,Poland,32
465,Ynes,Snedker,ysnedkercw@yahoo.co.jp,Vietnam,66
466,Hobart,Gowthrop,hgowthropcx@constantcontact.com,Russia,68
467,Nollie,Hasser,nhassercy@springer.com,China,24
468,Diane,Crayton,dcraytoncz@alexa.com,Martinique,26
469,Sheri,Franzonetti,sfranzonettid0@mysql.com,Japan,74
470,Humphrey,Coetzee,hcoetzeed1@flickr.com,Indonesia,28
471,Mikkel,Pyott,mpyottd2@indiegogo.com,Greece,74
472,Abelard,Treppas,atreppasd3@youtube.com,Philippines,35
473,Anton,Ibeson,aibesond4@rakuten.co.jp,Greece,26
474,Belvia,Godon,bgodond5@apache.org,Philippines,68
475,Jacquie,Zelner,jzelnerd6@psu.edu,Brazil,41
476,Tabor,Skala,tskalad7@unblog.fr,Greece,71
477,Charles,Hamblington,chamblingtond8@google.pl,Bangladesh,41
478,Livvyy,Guess,lguessd9@posterous.com,Czech Republic,61
479,Kaela,Dillestone,kdillestoneda@naver.com,Chile,66
480,Becca,Larmouth,blarmouthdb@webnode.com,Peru,39
481,Justin,Screase,jscreasedc@miitbeian.gov.cn,United States,33
482,Zara,Mosdall,zmosdalldd@istockphoto.com,China,51
483,Lydie,Blachford,lblachfordde@ebay.co.uk,China,67
484,Dennie,Whitechurch,dwhitechurchdf@japanpost.jp,China,23
485,Shantee,Guillart,sguillartdg@house.gov,Poland,44
486,Stanleigh,Tondeur,stondeurdh@discuz.net,China,42
487,Cathlene,Dungay,cdungaydi@xinhuanet.com,South Africa,26
488,Dennet,Cashin,dcashindj@wired.com,Serbia,40
489,Jeniffer,Smitheram,jsmitheramdk@phpbb.com,Sweden,33
490,Audy,Walicki,awalickidl@tinypic.com,Brazil,45
491,Billy,Van Niekerk,bvanniekerkdm@microsoft.com,Poland,50
492,Giulio,Albro,galbrodn@cam.ac.uk,China,35
493,Daphna,Gratland,dgratlanddo@tripod.com,China,22
494,Adorne,Antonin,aantonindp@bizjournals.com,Indonesia,27
495,Arlyn,Heinssen,aheinssendq@elpais.com,China,70
496,York,Wiltshear,ywiltsheardr@prnewswire.com,China,32
497,Wendye,Spadelli,wspadellids@issuu.com,Peru,43
498,Brit,Eliez,beliezdt@rediff.com,China,55
499,Belia,McVitty,bmcvittydu@mozilla.com,Greece,27
500,Kilian,Kain,kkaindv@irs.gov,Sweden,47
501,Eugenie,Canet,ecanetdw@wikipedia.org,Ukraine,68
502,Moselle,Leil,mleildx@odnoklassniki.ru,Portugal,70
503,Brose,Shadrach,bshadrachdy@netscape.com,Ethiopia,58
504,Kalie,Greenly,kgreenlydz@state.gov,Russia,44
505,Ferdie,Bordman,fbordmane0@wsj.com,China,52
506,Cyndie,Follows,cfollowse1@odnoklassniki.ru,Moldova,39
507,Cassius,Grimsey,cgrimseye2@pen.io,Philippines,57
508,Arliene,Bendixen,abendixene3@newsvine.com,Kuwait,42
509,Irita,Guiu,iguiue4@a8.net,Russia,44
510,Franciska,Maplethorpe,fmaplethorpee5@washingtonpost.com,China,75
511,Nikolaus,Tanswell,ntanswelle6@photobucket.com,Russia,19
512,Dorolisa,Neem,dneeme7@bloglines.com,Uruguay,26
513,Gracia,Wilde,gwildee8@webs.com,Laos,56
514,Kelbee,Cordingley,kcordingleye9@shinystat.com,Sweden,57
515,Linn,Varvara,lvarvaraea@ox.ac.uk,Vietnam,66
516,Ervin,Kubasiewicz,ekubasiewiczeb@bloglines.com,Russia,22
517,Randie,Bayman,rbaymanec@miitbeian.gov.cn,United States,66
518,Carmella,Kemer,ckemered@cbslocal.com,Estonia,26
519,Abie,Gidman,agidmanee@cdc.gov,Brazil,24
520,Bruno,Jiranek,bjiranekef@hostgator.com,Sweden,35
521,Fanni,Francescone,ffrancesconeeg@comcast.net,United States,41
522,Jenelle,Segoe,jsegoeeh@microsoft.com,China,65
523,Rudyard,Hirth,rhirthei@skype.com,Papua New Guinea,28
524,Park,Bance,pbanceej@wikia.com,Russia,50
525,Gill,Oliffe,goliffeek@hexun.com,Philippines,68
526,Roze,Debnam,rdebnamel@google.pl,Uganda,63
527,Meredeth,Woolens,mwoolensem@house.gov,Indonesia,17
528,Saundra,Valsler,svalsleren@behance.net,Indonesia,56
529,Catina,Vasyatkin,cvasyatkineo@alibaba.com,France,73
530,Carlen,Bridgement,cbridgementep@webnode.com,Philippines,43
531,Stanleigh,Bissett,sbissetteq@auda.org.au,Sweden,34
532,Diann,Zecchini,dzecchinier@mlb.com,Croatia,32
533,Debra,Ketts,dkettses@usatoday.com,Germany,20
534,Mayne,Lante,mlanteet@loc.gov,Poland,16
535,Annice,Kingscott,akingscotteu@merriam-webster.com,Brazil,15
536,Danice,Eouzan,deouzanev@hexun.com,United States,68
537,Karlotta,Goffe,kgoffeew@freewebs.com,China,49
538,Frayda,Guslon,fguslonex@disqus.com,Israel,75
539,Taite,Roche,trocheey@spotify.com,France,19
540,Rivkah,Fullun,rfullunez@scribd.com,North Korea,70
541,Mona,Drysdall,mdrysdallf0@pen.io,Peru,65
542,Adolph,Cassidy,acassidyf1@tinypic.com,Indonesia,52
543,Janifer,Ickovici,jickovicif2@psu.edu,China,72
544,Ralf,Lamy,rlamyf3@ca.gov,China,41
545,Eugine,Mulholland,emulhollandf4@hhs.gov,Angola,54
546,Maisie,Badrick,mbadrickf5@indiegogo.com,Sweden,62
547,Kerry,Murton,kmurtonf6@smh.com.au,France,56
548,Deanna,Lisimore,dlisimoref7@admin.ch,China,42
549,Fabio,Lapham,flaphamf8@ustream.tv,Poland,19
550,Kenneth,Menguy,kmenguyf9@theglobeandmail.com,Russia,19
551,Tanny,Verrillo,tverrillofa@unblog.fr,Russia,25
552,Tremain,Pughsley,tpughsleyfb@ed.gov,Portugal,35
553,Bink,Chipping,bchippingfc@va.gov,Philippines,53
554,Jolee,Mulcock,jmulcockfd@goo.ne.jp,China,17
555,Phyllis,Inkle,pinklefe@free.fr,Honduras,55
556,Roderich,Foale,rfoaleff@1688.com,Indonesia,26
557,Rourke,McCowen,rmccowenfg@mac.com,Japan,29
558,Ernest,Oram,eoramfh@hostgator.com,Tunisia,18
559,Silvanus,Ternault,sternaultfi@cloudflare.com,China,36
560,Barb,Scoates,bscoatesfj@japanpost.jp,Indonesia,55
561,Vincents,Mottley,vmottleyfk@wp.com,Portugal,29
562,Kendre,Bestwall,kbestwallfl@gov.uk,Portugal,27
563,Penrod,Coytes,pcoytesfm@desdev.cn,Syria,64
564,Cirstoforo,Boobier,cboobierfn@craigslist.org,Czech Republic,26
565,Christan,Bigglestone,cbigglestonefo@squidoo.com,China,55
566,Luca,Glancey,lglanceyfp@4shared.com,Ivory Coast,30
567,Hanson,Pepperill,hpepperillfq@auda.org.au,Argentina,22
568,Kandace,Clewarth,kclewarthfr@mlb.com,Russia,64
569,Olag,Warboys,owarboysfs@people.com.cn,China,29
570,Chevalier,Slowey,csloweyft@cam.ac.uk,Finland,71
571,Augustine,Westfalen,awestfalenfu@yolasite.com,Poland,57
572,Rhoda,Sherville,rshervillefv@csmonitor.com,Indonesia,21
573,Randi,Lovering,rloveringfw@pbs.org,Iran,46
574,Cirillo,Drescher,cdrescherfx@mlb.com,Nigeria,49
575,Berne,Quincee,bquinceefy@google.pl,Thailand,46
576,Jacquenetta,Kneale,jknealefz@ow.ly,Guatemala,70
577,Laraine,MacGilpatrick,lmacgilpatrickg0@cmu.edu,Brazil,23
578,Desiree,Rabson,drabsong1@google.com.au,Sierra Leone,46
579,Margot,Blench,mblenchg2@hubpages.com,China,53
580,Anica,Kirsopp,akirsoppg3@trellian.com,Brazil,31
581,Marne,Heddon,mheddong4@msn.com,China,17
582,Trixie,Bend,tbendg5@google.it,Philippines,28
583,Lane,Iacopetti,liacopettig6@paypal.com,Brazil,68
584,Micheil,Romke,mromkeg7@bizjournals.com,Brazil,54
585,Marty,Dubarry,mdubarryg8@smugmug.com,Colombia,35
586,Gwendolin,Kelmere,gkelmereg9@usatoday.com,China,27
587,Fredek,Astill,fastillga@merriam-webster.com,Russia,66
588,Yorgo,Rawsthorne,yrawsthornegb@technorati.com,Netherlands,36
589,Krystal,Yegoshin,kyegoshingc@taobao.com,China,28
590,Ansell,Brougham,abroughamgd@phpbb.com,South Korea,27
591,Danit,MacKey,dmackeyge@mail.ru,Syria,25
592,Gwyn,Embra,gembragf@edublogs.org,Philippines,70
593,Wilden,Bracknell,wbracknellgg@mapy.cz,France,55
594,Hilda,Roddell,hroddellgh@techcrunch.com,Saint Kitts and Nevis,32
595,Yasmeen,Pounsett,ypounsettgi@tiny.cc,Poland,63
596,Barri,Trevna,btrevnagj@lycos.com,Albania,75
597,Bail,Negri,bnegrigk@artisteer.com,Philippines,26
598,Cyndie,Mattaser,cmattasergl@blog.com,China,67
599,Wat,Topling,wtoplinggm@columbia.edu,China,67
600,Julian,Lead,jleadgn@studiopress.com,United States,74
601,Harold,De Andreis,hdeandreisgo@tmall.com,China,55
602,Karly,Misk,kmiskgp@vk.com,Guatemala,24
603,Kelcie,Binning,kbinninggq@aboutads.info,China,17
604,Ursa,Widocks,uwidocksgr@yale.edu,Netherlands,46
605,Berna,Spenclay,bspenclaygs@infoseek.co.jp,Philippines,15
606,Ned,Gheorghescu,ngheorghescugt@barnesandnoble.com,Peru,29
607,Helenka,McKirdy,hmckirdygu@slideshare.net,Democratic Republic of the Congo,73
608,Brunhilda,Buche,bbuchegv@chron.com,Philippines,75
609,Corbet,Arnout,carnoutgw@mac.com,Portugal,49
610,Eleanor,Bainton,ebaintongx@sfgate.com,Canada,31
611,Ailbert,Dennistoun,adennistoungy@umich.edu,China,47
612,Vladamir,Temlett,vtemlettgz@usatoday.com,Czech Republic,34
613,Lynde,Penreth,lpenrethh0@house.gov,Serbia,46
614,Alia,Swanbourne,aswanbourneh1@linkedin.com,Russia,61
615,Wenona,Barfoot,wbarfooth2@youtube.com,Philippines,57
616,Giovanni,Try,gtryh3@blog.com,France,15
617,Bernita,Westfield,bwestfieldh4@hao123.com,China,46
618,Montague,Koles,mkolesh5@usda.gov,Brazil,19
619,Rafferty,Pouton,rpoutonh6@craigslist.org,China,30
620,Arlyn,Gullefant,agullefanth7@cisco.com,China,43
621,Godart,Freshwater,gfreshwaterh8@mlb.com,Thailand,48
622,Marje,Sherrum,msherrumh9@sfgate.com,Indonesia,53
623,Winfred,Cramb,wcrambha@alexa.com,Russia,54
624,Sylvester,Edards,sedardshb@google.pl,Czech Republic,36
625,Lefty,Coutthart,lcouttharthc@rediff.com,Indonesia,50
626,Hanson,Avrahamy,havrahamyhd@etsy.com,Kuwait,46
627,Erskine,Lawtie,elawtiehe@springer.com,Ecuador,36
628,Lilllie,Morrowe,lmorrowehf@godaddy.com,Brazil,70
629,Lucinda,Creech,lcreechhg@constantcontact.com,Philippines,39
630,Reinald,Jerdon,rjerdonhh@deviantart.com,China,62
631,Verene,Baldacchi,vbaldacchihi@fema.gov,Finland,32
632,Harrie,Chesshire,hchesshirehj@ow.ly,Portugal,52
633,Gawain,MacMechan,gmacmechanhk@uol.com.br,China,22
634,Fair,Uwins,fuwinshl@imgur.com,Canada,24
635,Erl,MacKnocker,emacknockerhm@people.com.cn,United States,25
636,Nobe,Nairn,nnairnhn@ft.com,Trinidad and Tobago,19
637,Cassondra,Scutts,cscuttsho@economist.com,Serbia,32
638,Kristan,Bostick,kbostickhp@webs.com,Ireland,26
639,Gabriella,Dismore,gdismorehq@slideshare.net,Afghanistan,38
640,Salomi,Cattel,scattelhr@jiathis.com,Sweden,50
641,Sean,Scamerdine,sscamerdinehs@mapquest.com,China,75
642,Delmore,Spehr,dspehrht@google.com.hk,United States,25
643,Ringo,Renoden,rrenodenhu@amazon.co.jp,Russia,32
644,Fayette,Ubsdell,fubsdellhv@woothemes.com,Jordan,23
645,Crissie,Jeavons,cjeavonshw@irs.gov,Thailand,28
646,Rhett,Rimmer,rrimmerhx@blog.com,Philippines,23
647,Mayer,de Guerre,mdeguerrehy@ftc.gov,Russia,23
648,Olivier,Megahey,omegaheyhz@barnesandnoble.com,China,48
649,Hubie,Georg,hgeorgi0@dailymotion.com,Norway,21
650,Bryana,Red,bredi1@eventbrite.com,China,41
651,Faina,De Hooch,fdehoochi2@mapquest.com,China,47
652,Chevalier,Goncalo,cgoncaloi3@technorati.com,Yemen,58
653,Martelle,Fison,mfisoni4@netlog.com,Russia,70
654,Aurelea,Marquet,amarqueti5@thetimes.co.uk,Poland,54
655,Aldis,Merriott,amerriotti6@psu.edu,Indonesia,54
656,Giff,Bill,gbilli7@myspace.com,China,31
657,Ashlan,Nuss,anussi8@artisteer.com,Indonesia,32
658,Corie,MacPharlain,cmacpharlaini9@census.gov,Iran,57
659,Delmor,Dodsworth,ddodsworthia@opensource.org,China,52
660,Jackie,Turbayne,jturbayneib@elegantthemes.com,Indonesia,68
661,Barbabra,Coggen,bcoggenic@fastcompany.com,Iraq,27
662,Myrle,Guirardin,mguirardinid@ox.ac.uk,Indonesia,33
663,Vale,Woolley,vwoolleyie@vk.com,Armenia,57
664,Beryle,Gelling,bgellingif@ca.gov,Philippines,75
665,Lisa,De Freyne,ldefreyneig@homestead.com,Palau,68
666,Rosemonde,McConnell,rmcconnellih@squarespace.com,Syria,65
667,Loretta,Pawden,lpawdenii@samsung.com,Mongolia,29
668,Danny,Wimes,dwimesij@wiley.com,China,54
669,Alasteir,Simacek,asimacekik@illinois.edu,Syria,32
670,Minne,Melbourn,mmelbournil@google.com.hk,China,51
671,Winny,Buckland,wbucklandim@globo.com,Greece,32
672,Thadeus,Grigoli,tgrigoliin@sakura.ne.jp,Canada,41
673,Caz,Wayvill,cwayvillio@slideshare.net,United States,45
674,Hugo,Denholm,hdenholmip@google.pl,Russia,73
675,Flss,Dowson,fdowsoniq@canalblog.com,Indonesia,58
676,Alano,Finnes,afinnesir@sfgate.com,Sweden,39
677,Ebony,Aldington,ealdingtonis@pinterest.com,Ukraine,35
678,Antony,Cox,acoxit@netvibes.com,China,48
679,Catlin,Emer,cemeriu@hubpages.com,Philippines,24
680,Tades,De Giorgio,tdegiorgioiv@webeden.co.uk,Japan,34
681,Jasmine,Muirden,jmuirdeniw@w3.org,Egypt,22
682,Dale,Goring,dgoringix@delicious.com,Argentina,37
683,Panchito,Vickar,pvickariy@flavors.me,Ukraine,25
684,Harriot,Tinto,htintoiz@adobe.com,Portugal,24
685,Dulci,Pitrelli,dpitrellij0@ucsd.edu,Indonesia,39
686,Phaedra,Elmhirst,pelmhirstj1@pagesperso-orange.fr,China,38
687,Lottie,Newbigging,lnewbiggingj2@upenn.edu,Serbia,55
688,Aundrea,Luscott,aluscottj3@globo.com,Sweden,56
689,Abel,Segoe,asegoej4@github.io,Vietnam,74
690,Marcie,Mitkin,mmitkinj5@army.mil,United States,51
691,Daren,Locock,dlocockj6@vistaprint.com,France,71
692,Caresse,Maasz,cmaaszj7@sakura.ne.jp,China,15
693,Jock,Menendez,jmenendezj8@ted.com,Indonesia,30
694,Elsbeth,Stansby,estansbyj9@shutterfly.com,Peru,58
695,Gradeigh,Gobbet,ggobbetja@ow.ly,Indonesia,48
696,Barry,Jeffreys,bjeffreysjb@chicagotribune.com,France,27
697,Janene,Adamou,jadamoujc@cbsnews.com,China,27
698,Jard,Tempest,jtempestjd@bloglines.com,Poland,30
699,Roseline,Getley,rgetleyje@soundcloud.com,Finland,31
700,Desmund,Renzini,drenzinijf@nps.gov,Madagascar,32
701,Tiffanie,Peat,tpeatjg@scientificamerican.com,Ivory Coast,68
702,Cherilyn,MacKeever,cmackeeverjh@vinaora.com,Indonesia,64
703,Leonardo,Epelett,lepelettji@smugmug.com,Indonesia,67
704,Caroljean,Shankle,cshanklejj@privacy.gov.au,China,58
705,Elyse,Whistlecraft,ewhistlecraftjk@blogtalkradio.com,Indonesia,62
706,Urbanus,Pettyfer,upettyferjl@mapy.cz,Portugal,16
707,Goldie,Lapidus,glapidusjm@artisteer.com,France,53
708,Ky,Crayk,kcraykjn@china.com.cn,Albania,59
709,Felice,Nears,fnearsjo@ocn.ne.jp,Ukraine,52
710,Sue,Stoacley,sstoacleyjp@opensource.org,China,61
711,Pyotr,Balaisot,pbalaisotjq@ezinearticles.com,China,56
712,Cara,Summerrell,csummerrelljr@cbsnews.com,Iran,16
713,Ambur,Calvie,acalviejs@yahoo.co.jp,Portugal,29
714,Paola,Hebden,phebdenjt@nyu.edu,Kenya,35
715,Odella,Worlock,oworlockju@blog.com,Indonesia,73
716,Matthaeus,Tugman,mtugmanjv@marketwatch.com,China,73
717,Kory,Brehat,kbrehatjw@ow.ly,Russia,57
718,Stephana,Mangeot,smangeotjx@unblog.fr,Portugal,74
719,Doy,Gomm,dgommjy@uiuc.edu,Poland,39
720,Lisbeth,Parsall,lparsalljz@telegraph.co.uk,China,31
721,Nevsa,Riddock,nriddockk0@usgs.gov,France,74
722,Enrique,De Beneditti,edebenedittik1@networkadvertising.org,France,65
723,Roanna,Trudgian,rtrudgiank2@amazon.de,Serbia,70
724,Doris,Ripon,driponk3@diigo.com,Portugal,32
725,Briano,Giacoppo,bgiacoppok4@yale.edu,Czech Republic,16
726,Nancy,Gingles,nginglesk5@fema.gov,Poland,32
727,Idaline,Muckersie,imuckersiek6@prlog.org,Portugal,37
728,Jordanna,Badini,jbadinik7@bandcamp.com,Japan,30
729,Karia,Dumberrill,kdumberrillk8@icq.com,China,35
730,Sula,Sacker,ssackerk9@fc2.com,France,46
731,Gwenore,Gaskarth,ggaskarthka@jigsy.com,Ukraine,26
732,Gayla,Ianitti,gianittikb@wired.com,Indonesia,63
733,Johna,Petticrew,jpetticrewkc@t-online.de,Sudan,38
734,Giulio,Turban,gturbankd@w3.org,China,74
735,Gladi,Hulke,ghulkeke@phoca.cz,Indonesia,64
736,Toby,Corkish,tcorkishkf@yellowpages.com,China,17
737,Aaren,Leverson,aleversonkg@europa.eu,China,37
738,Kristofer,Livzey,klivzeykh@goo.ne.jp,Italy,32
739,Rory,Jonathon,rjonathonki@google.de,Russia,64
740,Jdavie,Jollye,jjollyekj@apple.com,Peru,41
741,Walsh,Westley,wwestleykk@examiner.com,China,72
742,Rollo,Ellingsworth,rellingsworthkl@yellowpages.com,Macedonia,59
743,Arnold,Skate,askatekm@chicagotribune.com,Vietnam,56
744,Silva,Burdoun,sburdounkn@myspace.com,Ukraine,32
745,Lance,Dorkin,ldorkinko@nbcnews.com,Nigeria,24
746,Linoel,Landre,llandrekp@networksolutions.com,Yemen,62
747,Benton,Hookes,bhookeskq@bluehost.com,China,69
748,Elmo,Blanning,eblanningkr@ehow.com,Cuba,64
749,Roda,Templeton,rtempletonks@netvibes.com,Portugal,42
750,Rasia,Searles,rsearleskt@businesswire.com,Guatemala,18
751,Quintin,Fayerbrother,qfayerbrotherku@prlog.org,Poland,50
752,Hubert,Setchfield,hsetchfieldkv@wikispaces.com,Poland,34
753,Rafaelita,Gadeaux,rgadeauxkw@webs.com,France,38
754,Dare,Lendrem,dlendremkx@nymag.com,China,42
755,Verine,Bramall,vbramallky@webnode.com,Czech Republic,28
756,Wakefield,Euler,weulerkz@hibu.com,China,23
757,Doug,Rosenberger,drosenbergerl0@army.mil,Portugal,36
758,John,Hamshere,jhamsherel1@histats.com,Ivory Coast,34
759,Evie,Cometti,ecomettil2@ucoz.ru,Sweden,19
760,Nicholle,Doohan,ndoohanl3@hexun.com,China,54
761,Gaven,Lifsey,glifseyl4@unblog.fr,Japan,34
762,Dari,Knight,dknightl5@cdc.gov,Poland,20
763,Maureen,Minchi,mminchil6@bloglovin.com,Indonesia,62
764,Ursulina,Mellows,umellowsl7@sina.com.cn,Indonesia,40
765,Garry,Ors,gorsl8@godaddy.com,China,73
766,Mar,Patty,mpattyl9@cam.ac.uk,Cuba,21
767,Shirlene,Lideard,slideardla@tmall.com,Russia,34
768,Kenny,Babinski,kbabinskilb@cisco.com,Russia,41
769,Gwyneth,Tattersill,gtattersilllc@dion.ne.jp,Indonesia,74
770,Ingrid,Akid,iakidld@gmpg.org,Argentina,65
771,Tucky,Everil,teverille@is.gd,Philippines,31
772,Katharine,MacGuffog,kmacguffoglf@csmonitor.com,Philippines,26
773,Booth,Burgane,bburganelg@google.es,China,28
774,Andi,Niccolls,aniccollslh@wikispaces.com,China,29
775,Sayres,Losel,sloselli@acquirethisname.com,Portugal,69
776,Irvin,de Grey,idegreylj@meetup.com,China,64
777,Edith,Bolesma,ebolesmalk@google.de,Portugal,41
778,Jacki,Tallyn,jtallynll@netscape.com,France,56
779,Aguste,Tuson,atusonlm@cnet.com,Switzerland,67
780,Gracie,Brisco,gbriscoln@umich.edu,Croatia,56
781,Kristal,Valentim,kvalentimlo@forbes.com,Philippines,52
782,Clotilda,Faulkner,cfaulknerlp@chron.com,Ukraine,41
783,Trey,Lackney,tlackneylq@yellowpages.com,Croatia,40
784,Bidget,Shafe,bshafelr@1und1.de,Russia,69
785,Rodrique,Ackenhead,rackenheadls@japanpost.jp,Portugal,65
786,Otho,Chattock,ochattocklt@flickr.com,France,58
787,Wilmer,Schriren,wschrirenlu@free.fr,Portugal,43
788,Lionel,Whelpdale,lwhelpdalelv@sina.com.cn,Mali,16
789,Vanny,Harpin,vharpinlw@alibaba.com,Indonesia,48
790,Lorrie,Manifold,lmanifoldlx@xrea.com,Kyrgyzstan,22
791,Shep,Vanezis,svanezisly@auda.org.au,France,50
792,Willie,Clemenza,wclemenzalz@drupal.org,Benin,65
793,Shel,Goggen,sgoggenm0@soup.io,Russia,50
794,Heath,Mumbeson,hmumbesonm1@gravatar.com,Greece,21
795,Tatiania,Curteis,tcurteism2@blogspot.com,China,44
796,Rennie,Janaway,rjanawaym3@cyberchimps.com,Indonesia,45
797,Callida,Gillino,cgillinom4@loc.gov,Indonesia,63
798,Shell,Fratson,sfratsonm5@symantec.com,Tanzania,41
799,Franz,Pinn,fpinnm6@dell.com,France,65
800,Yuma,Tilbrook,ytilbrookm7@oaic.gov.au,Mongolia,33
801,Pearce,Minchindon,pminchindonm8@newsvine.com,France,32
802,Hillie,Pierrepoint,hpierrepointm9@networksolutions.com,China,18
803,Carlyn,Laurence,claurencema@yandex.ru,Indonesia,60
804,Chance,Tupie,ctupiemb@biblegateway.com,China,25
805,Tyrone,Perfili,tperfilimc@meetup.com,Chile,38
806,Janetta,Babb,jbabbmd@shutterfly.com,Benin,57
807,Moyra,Tattershall,mtattershallme@noaa.gov,Solomon Islands,39
808,Star,Espin,sespinmf@pinterest.com,Gambia,25
809,Prentiss,McReynold,pmcreynoldmg@shinystat.com,Indonesia,56
810,Christina,Bergstrand,cbergstrandmh@tripadvisor.com,Namibia,61
811,Annemarie,Toolan,atoolanmi@europa.eu,Sweden,29
812,Nesta,Rozalski,nrozalskimj@themeforest.net,Poland,64
813,Leola,Urlin,lurlinmk@icq.com,Philippines,35
814,Sollie,Weeden,sweedenml@blinklist.com,Sweden,30
815,Chilton,Pembry,cpembrymm@weibo.com,Vietnam,16
816,Dianne,Jakubiak,djakubiakmn@nationalgeographic.com,China,46
817,Tremaine,Roggers,troggersmo@xing.com,China,72
818,Calypso,Reasun,creasunmp@people.com.cn,Argentina,72
819,Carolus,Rozzell,crozzellmq@dedecms.com,China,67
820,Sheffield,Heigl,sheiglmr@jiathis.com,Madagascar,22
821,Chlo,Onele,conelems@archive.org,Indonesia,50
822,Carr,Maes,cmaesmt@apache.org,Morocco,46
823,Frazer,Angrove,fangrovemu@newsvine.com,Belarus,64
824,Ailene,Headford,aheadfordmv@about.me,France,39
825,Cindy,Rubens,crubensmw@blog.com,France,67
826,Damian,Heaysman,dheaysmanmx@usnews.com,Sweden,47
827,Barnebas,Koop,bkoopmy@cargocollective.com,Palestinian Territory,71
828,Cris,Hurdedge,churdedgemz@istockphoto.com,Mexico,57
829,Glen,Strowthers,gstrowthersn0@360.cn,China,35
830,Mozelle,Klink,mklinkn1@shop-pro.jp,Afghanistan,35
831,Allyn,Quigg,aquiggn2@usatoday.com,Indonesia,69
832,Wang,Benoit,wbenoitn3@cpanel.net,China,36
833,Mirabel,Yantsurev,myantsurevn4@google.es,Indonesia,46
834,Bonnie,Farbrace,bfarbracen5@salon.com,Poland,42
835,Dalenna,Matteo,dmatteon6@eventbrite.com,Russia,30
836,Dianna,Van,dvann7@histats.com,Greece,51
837,Calv,Lemm,clemmn8@opensource.org,Argentina,42
838,Kevyn,Springtorp,kspringtorpn9@ucoz.com,Russia,73
839,Cyb,Paolotto,cpaolottona@fotki.com,Thailand,65
840,Reese,Bullard,rbullardnb@prnewswire.com,Cameroon,56
841,Murial,holmes,mholmesnc@posterous.com,Ireland,32
842,Sean,Millery,smillerynd@google.co.jp,Norway,30
843,Elfrieda,Huntingdon,ehuntingdonne@fastcompany.com,Poland,35
844,Estell,Adiscot,eadiscotnf@sitemeter.com,Haiti,31
845,Joaquin,O'Collopy,jocollopyng@ifeng.com,Russia,36
846,Edsel,Buye,ebuyenh@fc2.com,Ethiopia,68
847,Jordan,Callacher,jcallacherni@buzzfeed.com,China,32
848,Briant,Caistor,bcaistornj@nsw.gov.au,Philippines,62
849,Sebastien,Tideswell,stideswellnk@accuweather.com,Portugal,42
850,Peadar,Plenty,pplentynl@admin.ch,North Korea,38
851,Rosana,Nevins,rnevinsnm@ovh.net,Pakistan,60
852,Alexia,Clipston,aclipstonnn@google.co.uk,Burkina Faso,46
853,Wainwright,Ferne,wferneno@mail.ru,China,27
854,Kayle,Baldassi,kbaldassinp@facebook.com,United States,21
855,Una,Blazewicz,ublazewicznq@printfriendly.com,China,29
856,Patrizia,Risebrow,prisebrownr@lulu.com,Vietnam,74
857,Leandra,Payfoot,lpayfootns@disqus.com,Mexico,34
858,Ianthe,Ash,iashnt@ihg.com,Costa Rica,17
859,Dorothy,Nestoruk,dnestoruknu@joomla.org,China,49
860,Rickey,Tofanelli,rtofanellinv@oaic.gov.au,Indonesia,49
861,Henderson,Sigge,hsiggenw@themeforest.net,China,65
862,Sandie,Blencowe,sblencowenx@blogspot.com,France,38
863,Karmen,Stebbing,kstebbingny@nbcnews.com,Portugal,43
864,Rafael,Matts,rmattsnz@wordpress.com,France,61
865,Aldin,Memmory,amemmoryo0@desdev.cn,China,46
866,Galvan,Gencke,ggenckeo1@technorati.com,Brazil,20
867,Danya,Gaddes,dgaddeso2@pinterest.com,Serbia,60
868,Abdul,Yankov,ayankovo3@webeden.co.uk,Indonesia,27
869,Rhodia,Aloway,ralowayo4@forbes.com,China,67
870,Bail,Martinson,bmartinsono5@redcross.org,Gambia,16
871,Taylor,Beadles,tbeadleso6@washingtonpost.com,Peru,17
872,Hetti,Tomaszynski,htomaszynskio7@arizona.edu,Indonesia,52
873,Juan,Edgeworth,jedgewortho8@mapy.cz,Indonesia,34
874,Chrystel,Southern,csoutherno9@nature.com,Bulgaria,56
875,Orren,Kissack,okissackoa@businessweek.com,Portugal,37
876,Angeline,Di Francesco,adifrancescoob@java.com,Indonesia,28
877,Elke,Brumfitt,ebrumfittoc@ezinearticles.com,Philippines,62
878,Brenna,Portal,bportalod@comsenz.com,Russia,64
879,Jud,Amos,jamosoe@chron.com,Indonesia,68
880,Pepillo,Emmer,pemmerof@netlog.com,Poland,50
881,Myrilla,Corr,mcorrog@google.es,Argentina,48
882,Keriann,Kellough,kkelloughoh@geocities.jp,Indonesia,63
883,Mara,Laboune,mlabouneoi@guardian.co.uk,Czech Republic,62
884,Tildi,Igo,tigooj@senate.gov,China,25
885,Winston,Meneghi,wmeneghiok@tuttocitta.it,Mexico,36
886,Ninette,Chesters,nchestersol@e-recht24.de,Portugal,25
887,Delilah,Cradick,dcradickom@ezinearticles.com,Indonesia,15
888,Carlynne,Sadler,csadleron@lycos.com,Kazakhstan,71
889,Almire,Sibly,asiblyoo@ed.gov,Indonesia,68
890,Prentice,Haberfield,phaberfieldop@360.cn,Philippines,28
891,Felicity,Cleveland,fclevelandoq@unc.edu,France,50
892,Cornelle,Tesimon,ctesimonor@stanford.edu,Rwanda,58
893,Ive,Corran,icorranos@dion.ne.jp,Indonesia,41
894,Stephenie,Minto,smintoot@google.nl,Indonesia,53
895,Alfy,Guiraud,aguiraudou@ft.com,Peru,57
896,Joscelin,Tansey,jtanseyov@army.mil,Greece,46
897,Taddeo,Downing,tdowningow@blogs.com,Burkina Faso,61
898,Ginni,Freiburger,gfreiburgerox@reuters.com,United States,36
899,Sheilakathryn,Trahear,strahearoy@loc.gov,Russia,49
900,Dolf,Pollicott,dpollicottoz@wikimedia.org,Indonesia,44
901,Jasen,Harberer,jharbererp0@tinypic.com,Mongolia,40
902,Casey,Allmond,callmondp1@imgur.com,Portugal,72
903,Davy,Shapcote,dshapcotep2@delicious.com,Ivory Coast,26
904,Melly,Chadney,mchadneyp3@php.net,Sweden,31
905,Hale,Ubanks,hubanksp4@hao123.com,China,36
906,Elwood,McGreal,emcgrealp5@cdc.gov,Russia,40
907,Charil,Boyet,cboyetp6@businessweek.com,Colombia,20
908,Tommy,Vice,tvicep7@woothemes.com,Latvia,50
909,Birch,Coppin,bcoppinp8@wsj.com,Croatia,70
910,Crawford,Fuidge,cfuidgep9@behance.net,Ghana,27
911,Artemis,Dayment,adaymentpa@desdev.cn,Indonesia,33
912,Davina,Rawstron,drawstronpb@loc.gov,Djibouti,36
913,Wilfred,Arenson,warensonpc@adobe.com,Russia,66
914,Minni,Gouinlock,mgouinlockpd@youtu.be,Philippines,24
915,Hersch,Spiring,hspiringpe@blogtalkradio.com,Philippines,20
916,Waite,Van Son,wvansonpf@squidoo.com,China,70
917,Danie,Havill,dhavillpg@paginegialle.it,China,56
918,Harp,Faichnie,hfaichnieph@myspace.com,Sweden,26
919,Salomone,Malinson,smalinsonpi@seesaa.net,Dominican Republic,42
920,Rikki,Senner,rsennerpj@google.com.br,Colombia,62
921,Thomasin,Worman,twormanpk@psu.edu,Poland,70
922,Yolanda,Finder,yfinderpl@vk.com,Venezuela,57
923,Janka,Glover,jgloverpm@msn.com,Colombia,15
924,Morten,Brient,mbrientpn@state.tx.us,China,70
925,Beatrisa,Plaid,bplaidpo@prlog.org,Japan,60
926,Aldo,Oakley,aoakleypp@blog.com,Portugal,73
927,Eli,Treves,etrevespq@qq.com,Argentina,69
928,Gunter,Lovett,glovettpr@woothemes.com,Indonesia,41
929,Regina,Faier,rfaierps@bbb.org,Germany,32
930,Deirdre,Milliken,dmillikenpt@yolasite.com,Venezuela,38
931,Concettina,Trundell,ctrundellpu@nationalgeographic.com,Indonesia,55
932,Peggi,Busse,pbussepv@arstechnica.com,Sierra Leone,43
933,Denys,Shwalbe,dshwalbepw@whitehouse.gov,Norway,19
934,Astra,Desquesnes,adesquesnespx@51.la,China,53
935,Langsdon,Wyeth,lwyethpy@typepad.com,China,68
936,Harriott,Showte,hshowtepz@miitbeian.gov.cn,Malaysia,34
937,Rolfe,Merfin,rmerfinq0@salon.com,Sweden,75
938,Bing,Heare,bheareq1@bbb.org,Brazil,46
939,Nevil,Smithin,nsmithinq2@amazon.co.jp,Slovenia,28
940,Kareem,Sutter,ksutterq3@ebay.com,China,32
941,Marj,Mulqueen,mmulqueenq4@nydailynews.com,Russia,47
942,Ulrich,Huonic,uhuonicq5@google.co.jp,Chile,38
943,Carmelia,Quadling,cquadlingq6@ucla.edu,China,53
944,Roslyn,Pettko,rpettkoq7@w3.org,China,51
945,Alecia,Dethloff,adethloffq8@oakley.com,China,67
946,Matthaeus,Comrie,mcomrieq9@ask.com,Tanzania,27
947,Clementia,Garrow,cgarrowqa@squidoo.com,Indonesia,35
948,Paulie,Dulen,pdulenqb@mapquest.com,Philippines,30
949,Cordie,Parades,cparadesqc@yandex.ru,Papua New Guinea,53
950,Legra,Trippack,ltrippackqd@diigo.com,Russia,37
951,Bernard,Santon,bsantonqe@google.com.hk,Honduras,65
952,Ameline,Imm,aimmqf@technorati.com,Philippines,61
953,Kalindi,Franssen,kfranssenqg@e-recht24.de,China,67
954,Percival,Dael,pdaelqh@weibo.com,Indonesia,30
955,Lothario,De Blasi,ldeblasiqi@wired.com,Russia,45
956,Moira,Pleasaunce,mpleasaunceqj@miibeian.gov.cn,Indonesia,74
957,Nadeen,Bende,nbendeqk@topsy.com,Micronesia,50
958,Aubry,Corr,acorrql@google.de,China,21
959,Clemmy,Heiton,cheitonqm@icq.com,China,46
960,Franky,Barrar,fbarrarqn@mac.com,New Caledonia,59
961,Eleanora,McAdam,emcadamqo@biblegateway.com,Greece,18
962,Heath,Lisett,hlisettqp@flavors.me,Ireland,31
963,Randolf,Deeves,rdeevesqq@howstuffworks.com,Ukraine,27
964,Ichabod,Osgorby,iosgorbyqr@va.gov,Canada,20
965,Lammond,Asty,lastyqs@eepurl.com,Cuba,32
966,Cahra,Husset,chussetqt@nih.gov,Kazakhstan,31
967,Cirillo,Theyer,ctheyerqu@amazon.de,Indonesia,38
968,Bordy,Giovani,bgiovaniqv@wordpress.org,Poland,65
969,Shurlocke,MacKeogh,smackeoghqw@desdev.cn,Greece,57
970,Elita,Anderton,eandertonqx@microsoft.com,China,42
971,Guglielma,Gudge,ggudgeqy@myspace.com,Serbia,63
972,Devora,Pickering,dpickeringqz@pbs.org,United States,26
973,Esteban,Jouannot,ejouannotr0@facebook.com,France,52
974,Aldridge,Jevons,ajevonsr1@msu.edu,Vietnam,71
975,Leopold,Churchyard,lchurchyardr2@gravatar.com,Russia,32
976,Malva,Kersting,mkerstingr3@51.la,Indonesia,67
977,Ariel,Coalburn,acoalburnr4@google.co.uk,Indonesia,57
978,Nevil,Edkins,nedkinsr5@nytimes.com,Sweden,34
979,Sylvester,Seccombe,sseccomber6@webmd.com,French Southern Territories,27
980,Clemmy,Millin,cmillinr7@ebay.co.uk,Philippines,40
981,Carlyn,Kun,ckunr8@photobucket.com,Philippines,35
982,Blancha,Barhims,bbarhimsr9@twitpic.com,Yemen,62
983,Lock,Caddens,lcaddensra@networksolutions.com,Palestinian Territory,59
984,Athene,Sarfat,asarfatrb@amazon.de,Russia,75
985,Farr,Freyn,ffreynrc@facebook.com,Philippines,41
986,Jerome,Sandle,jsandlerd@nsw.gov.au,Myanmar,60
987,Dolli,Salzberg,dsalzbergre@google.ru,China,58
988,Juanita,Inkles,jinklesrf@amazon.com,Armenia,28
989,Angela,Burghill,aburghillrg@businesswire.com,Norway,43
990,Sander,Hinrichsen,shinrichsenrh@paginegialle.it,Portugal,37
991,Ferdie,Pennetta,fpennettari@arstechnica.com,Guam,50
992,Jill,Birk,jbirkrj@360.cn,Ukraine,22
993,Whitby,Staziker,wstazikerrk@unblog.fr,Indonesia,53
994,Myriam,Milburn,mmilburnrl@psu.edu,Kazakhstan,46
995,Giulietta,Flay,gflayrm@gov.uk,Russia,32
996,Samson,McIlwraith,smcilwraithrn@oakley.com,Argentina,44
997,Ellen,Joyce,ejoycero@i2i.jp,Qatar,56
998,Karlotte,Lakenton,klakentonrp@lulu.com,Indonesia,43
999,Wendye,Auston,waustonrq@github.io,Russia,34
1000,Benjy,Bacop,bbacoprr@list-manage.com,China,26
